{
  "childs":
  [
    {
      "rotate":
      [
        [
          0.99991446733475,
          -0.013064500875771,
          0
        ],
        [
          0.013064500875771,
          0.99991446733475,
          0
        ],
        [
          0,
          0,
          1
        ]
      ],
      "kind": "spr_mm_cannon_naval",
      "translate":
      {
        "z": 1.1424980163574,
        "x": 3.7073822021484,
        "y": 9.1514282226563
      },
      "scale_x": 1108,
      "scale_y": 1108,
      "scale_z": 1108
    },
    {
      "rotate":
      [
        [
          0.99991446733475,
          -0.013064500875771,
          0
        ],
        [
          0.013064500875771,
          0.99991446733475,
          0
        ],
        [
          0,
          0,
          1
        ]
      ],
      "kind": "spr_mm_cannon_naval",
      "translate":
      {
        "z": 1.1755275726318,
        "x": 3.7070693969727,
        "y": 5.37060546875
      },
      "scale_x": 1108,
      "scale_y": 1108,
      "scale_z": 1108
    },
    {
      "rotate":
      [
        [
          -0.99982136487961,
          0.018906490877271,
          0
        ],
        [
          -0.018906490877271,
          -0.99982136487961,
          0
        ],
        [
          0,
          0,
          1
        ]
      ],
      "kind": "spr_mm_cannon_naval",
      "translate":
      {
        "z": 1.1424751281738,
        "x": -3.7560958862305,
        "y": 9.2244262695313
      },
      "scale_x": 1108,
      "scale_y": 1108,
      "scale_z": 1108
    },
    {
      "rotate":
      [
        [
          -0.99982136487961,
          0.018906490877271,
          0
        ],
        [
          -0.018906490877271,
          -0.99982136487961,
          0
        ],
        [
          0,
          0,
          1
        ]
      ],
      "kind": "spr_mm_cannon_naval",
      "translate":
      {
        "z": 1.1744632720947,
        "x": -3.8325042724609,
        "y": 5.4473266601563
      },
      "scale_x": 1108,
      "scale_y": 1108,
      "scale_z": 1108
    }
  ],
  "root": 1
}